event_id,error
SGC2025hbnplf,"FileNotFoundError(2, 'No such file or directory')"
SGC2025gfcgik,"FileNotFoundError(2, 'No such file or directory')"
SGC2025hgwdid,"FileNotFoundError(2, 'No such file or directory')"
SGC2026fnzpdp,"FileNotFoundError(2, 'No such file or directory')"
SGC2026haoywc,"FileNotFoundError(2, 'No such file or directory')"
SGC2026hdzqoq,"FileNotFoundError(2, 'No such file or directory')"
SGC2026gnjbrh,"FileNotFoundError(2, 'No such file or directory')"
SGC2025giweyx,"FileNotFoundError(2, 'No such file or directory')"
SGC2026hnisgc,"FileNotFoundError(2, 'No such file or directory')"
SGC2026ijschq,"FileNotFoundError(2, 'No such file or directory')"
SGC2025govqvp,"FileNotFoundError(2, 'No such file or directory')"
SGC2025hyxjly,"FileNotFoundError(2, 'No such file or directory')"
SGC2026gcqugp,"FileNotFoundError(2, 'No such file or directory')"
SGC2026gjytpf,"FileNotFoundError(2, 'No such file or directory')"
SGC2026grvdzq,"FileNotFoundError(2, 'No such file or directory')"
SGC2026hobjep,"FileNotFoundError(2, 'No such file or directory')"
SGC2025gfzndx,"FileNotFoundError(2, 'No such file or directory')"
SGC2026gpnyqw,"FileNotFoundError(2, 'No such file or directory')"
SGC2026imyfqc,"FileNotFoundError(2, 'No such file or directory')"
SGC2026hvefit,"FileNotFoundError(2, 'No such file or directory')"
SGC2025ghgslk,"FileNotFoundError(2, 'No such file or directory')"
SGC2025gcuplj,"FileNotFoundError(2, 'No such file or directory')"
SGC2025hjjjqu,"FileNotFoundError(2, 'No such file or directory')"
SGC2026inyzip,"FileNotFoundError(2, 'No such file or directory')"
SGC2026gerdkl,"FileNotFoundError(2, 'No such file or directory')"
SGC2025hjrbwk,"FileNotFoundError(2, 'No such file or directory')"
SGC2025glxkdb,"FileNotFoundError(2, 'No such file or directory')"
SGC2025gpvrrh,"FileNotFoundError(2, 'No such file or directory')"
SGC2026hewwjq,"FileNotFoundError(2, 'No such file or directory')"
SGC2025gzvvvd,"FileNotFoundError(2, 'No such file or directory')"
SGC2025geztjn,"FileNotFoundError(2, 'No such file or directory')"
SGC2025guqipk,"FileNotFoundError(2, 'No such file or directory')"
SGC2025gfcuxl,"FileNotFoundError(2, 'No such file or directory')"
SGC2025gjibgp,"FileNotFoundError(2, 'No such file or directory')"
SGC2025guvbhy,"FileNotFoundError(2, 'No such file or directory')"
SGC2025gisecl,"FileNotFoundError(2, 'No such file or directory')"
SGC2025huqifs,"FileNotFoundError(2, 'No such file or directory')"
SGC2025gkpwyg,"FileNotFoundError(2, 'No such file or directory')"
SGC2025huxhih,"FileNotFoundError(2, 'No such file or directory')"
SGC2025gjirqo,"FileNotFoundError(2, 'No such file or directory')"
SGC2025hlbvrm,"FileNotFoundError(2, 'No such file or directory')"
SGC2025gitvfh,"FileNotFoundError(2, 'No such file or directory')"
SGC2025hxzrik,"FileNotFoundError(2, 'No such file or directory')"
SGC2025gumykn,"FileNotFoundError(2, 'No such file or directory')"
SGC2025hotcop,"FileNotFoundError(2, 'No such file or directory')"
SGC2025haccxs,"FileNotFoundError(2, 'No such file or directory')"
SGC2025gfwqqt,"FileNotFoundError(2, 'No such file or directory')"
SGC2025hrbagc,"FileNotFoundError(2, 'No such file or directory')"
SGC2025hutzqs,"FileNotFoundError(2, 'No such file or directory')"
SGC2025huuttu,"FileNotFoundError(2, 'No such file or directory')"
SGC2025gdgcti,"FileNotFoundError(2, 'No such file or directory')"
SGC2025ggwcwl,"FileNotFoundError(2, 'No such file or directory')"
SGC2025guuerl,"FileNotFoundError(2, 'No such file or directory')"
SGC2025gvqtrt,"FileNotFoundError(2, 'No such file or directory')"
SGC2025ggnsml,"FileNotFoundError(2, 'No such file or directory')"
SGC2025hlixau,"FileNotFoundError(2, 'No such file or directory')"
SGC2026bkqmmt,"FileNotFoundError(2, 'No such file or directory')"
SGC2025gfelqt,"FileNotFoundError(2, 'No such file or directory')"
SGC2025hvvtqr,"FileNotFoundError(2, 'No such file or directory')"
SGC2025gimvqp,"FileNotFoundError(2, 'No such file or directory')"
SGC2025hqjmcn,"FileNotFoundError(2, 'No such file or directory')"
SGC2025gphtcu,"FileNotFoundError(2, 'No such file or directory')"
SGC2025gcjewv,"FileNotFoundError(2, 'No such file or directory')"
SGC2025gejssu,"FileNotFoundError(2, 'No such file or directory')"
SGC2023zprizm,"FileNotFoundError(2, 'No such file or directory')"
SGC2025hsczpt,"FileNotFoundError(2, 'No such file or directory')"
SGC2025gayfyn,"FileNotFoundError(2, 'No such file or directory')"
SGC2025gtkudc,"FileNotFoundError(2, 'No such file or directory')"
SGC2026cpffwh,"FileNotFoundError(2, 'No such file or directory')"
SGC2025hsrhtr,"FileNotFoundError(2, 'No such file or directory')"
SGC2025gvgkpi,"FileNotFoundError(2, 'No such file or directory')"
SGC2026ikrrai,"FileNotFoundError(2, 'No such file or directory')"
SGC2026ftbxnb,"FileNotFoundError(2, 'No such file or directory')"
SGC2026ivbznm,"FileNotFoundError(2, 'No such file or directory')"
SGC2025ggfqxz,"FileNotFoundError(2, 'No such file or directory')"
SGC2025hkpjfx,"FileNotFoundError(2, 'No such file or directory')"
SGC2026gbkqbp,"FileNotFoundError(2, 'No such file or directory')"
SGC2026fneawn,"FileNotFoundError(2, 'No such file or directory')"
SGC2025gggukq,"FileNotFoundError(2, 'No such file or directory')"
SGC2026gxbxvb,"FileNotFoundError(2, 'No such file or directory')"
SGC2025gzibxk,"FileNotFoundError(2, 'No such file or directory')"
SGC2025hpgsrk,"FileNotFoundError(2, 'No such file or directory')"
SGC2025hydtjl,"FileNotFoundError(2, 'No such file or directory')"
SGC2026fpuyzv,"FileNotFoundError(2, 'No such file or directory')"
SGC2026iechpy,"FileNotFoundError(2, 'No such file or directory')"
SGC2026frojyr,"FileNotFoundError(2, 'No such file or directory')"
SGC2026iysxoz,"FileNotFoundError(2, 'No such file or directory')"
